{
    "com.badlogic.gdx.graphics.g2d.BitmapFont": {
        "default_font": {
            "file": "font.fnt"
        }
    },
    "com.badlogic.gdx.graphics.Color": {
        "transparent": {
            "a": 0,
            "r": 0,
            "g": 0,
            "b": 0
        },
        "semi_transparent": {
            "a": 0.5,
            "r": 0.5,
            "g": 0.5,
            "b": 0.5
        },
        "black_semi": {
            "a": 0.5,
            "r": 0.0,
            "g": 0.0,
            "b": 0.0
        },
        "white": {
            "r": 1,
            "g": 1,
            "b": 1,
            "a": 1
        },
        "black": {
            "r": 0,
            "g": 0,
            "b": 0,
            "a": 1
        },
        "gray": {
            "r": 0.6,
            "g": 0.6,
            "b": 0.6,
            "a": 1
        },
        "dark_gray": {
            "r": 0.196,
            "g": 0.196,
            "b": 0.196,
            "a": 1
        },
        "light_gray": {
            "r": 0.8627,
            "g": 0.8627,
            "b": 0.8627,
            "a": 1.0
        },
        "brown_moka": {
            "r": 0.5245,
            "g": 0.3333,
            "b": 0.2823,
            "a": 1
        },
        "dark_brown_moka": {
            "r": 0.2431,
            "g": 0.1529,
            "b": 0.1372,
            "a": 1
        },
        "light_brown_moka": {
            "r": 0.7176,
            "g": 0.3529,
            "b": 0.2392,
            "a": 1
        },
        "light_blue": {
            "r": 0.011764706,
            "g": 0.6627451,
            "b": 0.95686275,
            "a": 1.0
        },
        "light_blue_semi": {
            "r": 0.011764706,
            "g": 0.6627451,
            "b": 0.95686275,
            "a": 0.5
        },
        "light_blue_900": {
            "r": 0.003921569,
            "g": 0.34117648,
            "b": 0.60784316,
            "a": 1
        },
        "deep_orange": {
            "r": 1.0,
            "g": 0.34117648,
            "b": 0.13333334,
            "a": 1.0
        },
        "deep_orange_semi": {
            "r": 1.0,
            "g": 0.34117648,
            "b": 0.13333334,
            "a": 0.5
        },
        "deep_orange_900": {
            "r": 0.7490196,
            "g": 0.21176471,
            "b": 0.047058824,
            "a": 1
        },
        "purple": {
            "r": 0.6117647,
            "g": 0.15294118,
            "b": 0.6901961,
            "a": 1
        }
    },
    "com.badlogic.gdx.scenes.scene2d.ui.Skin$TintedDrawable": {
        "black_bg": {
            "name": "blank",
            "color": "black"
        },
        "transparent_bg": {
            "name": "blank",
            "color": "transparent"
        },
        "black_semi_bg": {
            "name": "blank",
            "color": "black_semi"
        },
        "semi_transparent_bg": {
            "name": "blank",
            "color": "semi_transparent"
        },
        "light_gray_bg": {
            "name": "blank",
            "color": "light_gray"
        },
        "light_blue_semi_bg": {
            "name": "blank",
            "color": "light_blue_semi"
        },
        "transparent_48_bg": {
            "name": "bg48",
            "color": "transparent"
        },
        "pressed_48_bg": {
            "name": "bg48",
            "color": "dark_brown_moka"
        },
        "edition_pressed_48_bg": {
            "name": "bg48",
            "color": "semi_transparent"
        },
        "page_pressed": {
            "name": "page",
            "color": "gray"
        },
        "page_checked": {
            "name": "page",
            "color": "dark_brown_moka"
        },
        "page_semi_transparent": {
            "name": "page",
            "color": "semi_transparent"
        },
        "deep_orange_semi_bg": {
            "name": "blank_grey_border",
            "color": "deep_orange_semi"
        }
    },
    "com.badlogic.gdx.scenes.scene2d.ui.Label$LabelStyle": {
        "default": {
            "font": "default_font",
            "fontColor": "black"
        },
        "context": {
            "font": "default_font",
            "fontColor": "gray"
        },
        "toast": {
            "font": "default_font",
            "fontColor": "white",
        },
        "toolbar": {
            "font": "default_font",
            "fontColor": "white"
        },
        "edition": {
            "font": "default_font",
            "fontColor": "gray"
        }
    },
    "com.badlogic.gdx.scenes.scene2d.ui.Button$ButtonStyle": {
        "default": {},
        "context": {
            "down": "light_gray_bg"
        },
        "add": {
            "up": "button_add",
            "down": "button_add_pressed"
        },
        "circle": {
            "up": "circle",
            "down": "circle_pressed"
        }
    },
    "com.badlogic.gdx.scenes.scene2d.ui.TextButton$TextButtonStyle": {
        "default": {
            "up": "button_up",
            "down": "button_down",
            "font": "default_font",
            "fontColor": "white",
            "downFontColor": "white",
            "disabledFontColor": "gray"
        }
    },
    "com.badlogic.gdx.scenes.scene2d.ui.ImageButton$ImageButtonStyle": {
        "scene": {
            "up": "page",
            "down": "page_pressed"
        },
        "navigation_scene": {
            "up": "page",
            "down": "page_pressed",
            "checked": "page_checked"
        },
        "check": {
            "up": "circle",
            "down": "circle_pressed",
            "imageUp": "ic_check"
        }
    },
    "com.badlogic.gdx.scenes.scene2d.ui.Slider$SliderStyle": {
        "default-horizontal": {
            "background": "knob_after",
            "knob": "knob",
            "knobBefore": "knob_before"
        },
        "colorPicker": {
            "knob": "color_picker_knob"
        }
    },
    "es.eucm.ead.editor.view.widgets.draw.SlideColorPicker$SlideColorPickerStyle": {
        "default": {
            "slider": "colorPicker"
        }
    },
    "com.badlogic.gdx.scenes.scene2d.ui.ScrollPane$ScrollPaneStyle": {
        "default": {

        },
        "navigation": {
            "background": "page_left"
        }
    },
    "es.eucm.ead.editor.view.widgets.IconButton$IconButtonStyle": {
        "default": {
            "disabledColor": "gray",
            "color": "black",
        },
        "gray": {
            "color": "gray",
            "up": "transparent_48_bg",
        },
        "switch": {
            "disabledColor": "white",
            "color": "brown_moka",
            "up": "transparent_48_bg",
        },
        "pages": {
            "disabledColor": "black",
            "color": "brown_moka",
            "up": "transparent_48_bg",
        },
        "toolbar": {
            "disabledColor": "gray",
            "color": "white",
            "up": "transparent_48_bg",
            "down": "pressed_48_bg"
        },
        "edition": {
            "color": "gray",
            "up": "transparent_48_bg",
            "down": "edition_pressed_48_bg"
        },
        "component": {
            "color": "gray",
            "checkedColor": "deep_orange",
            "down": "edition_pressed_48_bg",
            "up": "transparent_48_bg"
        },
        "context": {
            "color": "gray",
            "up": "transparent_48_bg"
        },
        "drop_down": {
            "color": "white",
            "up": "drop_down_bg",
            "down": "pressed_48_bg"
        },
        "recent_color": {
            "color": "white",
            "up": "transparent_48_bg",
            "down": "pressed_48_bg"
        }
    },
    "es.eucm.ead.editor.view.widgets.draw.ColorPickerPanel$ColorPickerPanelStyle": {
        "default": {
            "recentColorIcon": "color_picker_recent_color",
            "recentColorStyle": "recent_color",
            "slider": "colorPicker",